{"cameraMode":{"drawMode":0,"name":"Shaded","section":"Shading Mode"},"sceneLighting":true,"audioPlay":false,"sceneViewState":{"showFog":true,"showMaterialUpdate":false,"showSkybox":true,"showFlares":true,"showImageEffects":true,"showParticleSystems":true},"in2DMode":false,"pivot":{"x":7.453056335449219,"y":-8.066001892089844,"z":87.67792510986328},"rotation":{"x":-0.0677575021982193,"y":0.002091717906296253,"z":-0.00014227321662474424,"w":-0.9977023005485535},"size":111.21348571777344,"orthographic":false}