{"cameraMode":{"drawMode":0,"name":"Shaded","section":"Shading Mode"},"sceneLighting":false,"audioPlay":false,"sceneViewState":{"showFog":true,"showMaterialUpdate":false,"showSkybox":false,"showFlares":true,"showImageEffects":true,"showParticleSystems":true},"in2DMode":false,"pivot":{"x":1.1067771911621094,"y":-0.8415396809577942,"z":-2.3532097339630129},"rotation":{"x":-0.0874934270977974,"y":0.8756392002105713,"z":-0.17322880029678346,"w":-0.4422634541988373},"size":4.739264488220215,"orthographic":false}